ch0_stas,ch1_stas,primary_only,npca_only,drl,best_policy,best_reward,drl_vs_primary,drl_vs_npca
2,2,60.169999999999995,63.56333333333334,668.1010000000001,DRL,668.1010000000001,607.9310000000002,604.5376666666667
10,2,51.465,57.214999999999996,604.977,DRL,604.977,553.512,547.762
20,2,61.97333333333333,38.53833333333333,560.0060000000001,DRL,560.0060000000001,498.0326666666667,521.4676666666668
2,10,83.22833333333337,89.34333333333333,891.98,DRL,891.98,808.7516666666667,802.6366666666667
10,10,41.644999999999996,64.82166666666664,813.278,DRL,813.278,771.633,748.4563333333334
20,10,142.41833333333335,99.87166666666666,713.1079999999998,DRL,713.1079999999998,570.6896666666664,613.2363333333332
2,20,64.12166666666666,82.12499999999999,967.8919999999998,DRL,967.8919999999998,903.7703333333332,885.7669999999998
10,20,105.80999999999999,62.588333333333324,942.6790000000001,DRL,942.6790000000001,836.8690000000001,880.0906666666667
20,20,72.15333333333334,169.31333333333333,868.4259999999999,DRL,868.4259999999999,796.2726666666666,699.1126666666667
